{
    "cumulative_timesteps": 418981070,
    "cumulative_model_updates": 27986,
    "policy_average_reward": 947.637886705216,
    "epoch": 4667,
    "ts_since_last_save": 200002,
    "reward_running_stats": {
        "mean": [
            35.80868291017361
        ],
        "var": [
            1028406480.1967816
        ],
        "shape": [
            1
        ],
        "count": 701100
    }
}