{
    "cumulative_timesteps": 35611546,
    "cumulative_model_updates": 3376,
    "policy_average_reward": 191.45285218547525,
    "epoch": 565,
    "ts_since_last_save": 100006,
    "reward_running_stats": {
        "mean": [
            52.52892257516109
        ],
        "var": [
            514448013.8329786
        ],
        "shape": [
            1
        ],
        "count": 85350
    }
}