{
    "cumulative_timesteps": 999140330,
    "cumulative_model_updates": 83503,
    "policy_average_reward": 30910.150074346733,
    "epoch": 11158,
    "ts_since_last_save": 1000098,
    "reward_running_stats": {
        "mean": [
            3284.715090002607
        ],
        "var": [
            3.808805596975249e+16
        ],
        "shape": [
            1
        ],
        "count": 1675500
    }
}