{
    "cumulative_timesteps": 1130352914,
    "cumulative_model_updates": 90776,
    "policy_average_reward": 10254.038075439397,
    "epoch": 11814,
    "ts_since_last_save": 600060,
    "reward_running_stats": {
        "mean": [
            3269.0862393586767
        ],
        "var": [
            3.822657111002941e+16
        ],
        "shape": [
            1
        ],
        "count": 1773900
    }
}