{
    "cumulative_timesteps": 737918024,
    "cumulative_model_updates": 75726,
    "policy_average_reward": 10395.146419573648,
    "epoch": 9859,
    "ts_since_last_save": 200024,
    "reward_running_stats": {
        "mean": [
            3117.138857684616
        ],
        "var": [
            3.2485707300694776e+16
        ],
        "shape": [
            1
        ],
        "count": 1479900
    }
}