{
    "cumulative_timesteps": 18457514,
    "cumulative_model_updates": 2204,
    "policy_average_reward": 2855.292126298388,
    "epoch": 368,
    "ts_since_last_save": 450198,
    "reward_running_stats": {
        "mean": [
            39.75513458251953
        ],
        "var": [
            183544848.0
        ],
        "shape": [
            1
        ],
        "count": 55350
    }
}