{
    "cumulative_timesteps": 688213656,
    "cumulative_model_updates": 33349,
    "policy_average_reward": 4000.607289358435,
    "epoch": 6008,
    "ts_since_last_save": 600048,
    "reward_running_stats": {
        "mean": [
            77.6690631568235
        ],
        "var": [
            234588768977071.6
        ],
        "shape": [
            1
        ],
        "count": 903000
    }
}