{
    "cumulative_timesteps": 331886182,
    "cumulative_model_updates": 21239,
    "policy_average_reward": -4.5176309126017085,
    "epoch": 3521,
    "ts_since_last_save": 600246,
    "reward_running_stats": {
        "mean": [
            12.296628200980045
        ],
        "var": [
            2525967232.5453796
        ],
        "shape": [
            1
        ],
        "count": 529650
    }
}