{
    "cumulative_timesteps": 649809828,
    "cumulative_model_updates": 32596,
    "policy_average_reward": 1436.523385223808,
    "epoch": 5819,
    "ts_since_last_save": 600066,
    "reward_running_stats": {
        "mean": [
            41.613258756230955
        ],
        "var": [
            1681806389.8208315
        ],
        "shape": [
            1
        ],
        "count": 874200
    }
}