{
    "cumulative_timesteps": 415780732,
    "cumulative_model_updates": 27924,
    "policy_average_reward": 3244.3060287615585,
    "epoch": 4652,
    "ts_since_last_save": 100020,
    "reward_running_stats": {
        "mean": [
            35.81969018836053
        ],
        "var": [
            1026197231.3182013
        ],
        "shape": [
            1
        ],
        "count": 698700
    }
}