{
    "cumulative_timesteps": 650409862,
    "cumulative_model_updates": 32608,
    "policy_average_reward": 9786.758703752746,
    "epoch": 5822,
    "ts_since_last_save": 600034,
    "reward_running_stats": {
        "mean": [
            41.62668680157363
        ],
        "var": [
            1683285306.9608798
        ],
        "shape": [
            1
        ],
        "count": 874650
    }
}