{
    "cumulative_timesteps": 19211824,
    "cumulative_model_updates": 2295,
    "policy_average_reward": 7376.113203307126,
    "epoch": 381,
    "ts_since_last_save": 50020,
    "reward_running_stats": {
        "mean": [
            29.784796773138876
        ],
        "var": [
            128572764.03812754
        ],
        "shape": [
            1
        ],
        "count": 57600
    }
}