{
    "cumulative_timesteps": 290971176,
    "cumulative_model_updates": 18662,
    "policy_average_reward": 10.50732974708513,
    "epoch": 3115,
    "ts_since_last_save": 200084,
    "reward_running_stats": {
        "mean": [
            13.792358816798712
        ],
        "var": [
            2350018972.479206
        ],
        "shape": [
            1
        ],
        "count": 468300
    }
}