{
    "cumulative_timesteps": 291046186,
    "cumulative_model_updates": 52332,
    "policy_average_reward": 598.7814329033712,
    "epoch": 5816,
    "ts_since_last_save": 450162,
    "reward_running_stats": {
        "mean": [
            36.68890820084738
        ],
        "var": [
            2527918468.0854793
        ],
        "shape": [
            1
        ],
        "count": 872850
    }
}