{
    "cumulative_timesteps": 906533054,
    "cumulative_model_updates": 80774,
    "policy_average_reward": -3052.218022309229,
    "epoch": 10701,
    "ts_since_last_save": 600038,
    "reward_running_stats": {
        "mean": [
            3323.44615218385
        ],
        "var": [
            3.671075829414393e+16
        ],
        "shape": [
            1
        ],
        "count": 1606350
    }
}