{
    "cumulative_timesteps": 921233976,
    "cumulative_model_updates": 81125,
    "policy_average_reward": 21942.682826646305,
    "epoch": 10748,
    "ts_since_last_save": 900114,
    "reward_running_stats": {
        "mean": [
            3330.1696258963825
        ],
        "var": [
            3.671341353635016e+16
        ],
        "shape": [
            1
        ],
        "count": 1613700
    }
}