{
    "cumulative_timesteps": 1135057022,
    "cumulative_model_updates": 42275,
    "policy_average_reward": -2254.1738321796875,
    "epoch": 8240,
    "ts_since_last_save": 200034,
    "reward_running_stats": {
        "mean": [
            230.4576152714698
        ],
        "var": [
            1.0581162475560908e+16
        ],
        "shape": [
            1
        ],
        "count": 1238100
    }
}