{
    "cumulative_timesteps": 914333466,
    "cumulative_model_updates": 80993,
    "policy_average_reward": 326.0264419273972,
    "epoch": 10726,
    "ts_since_last_save": 600010,
    "reward_running_stats": {
        "mean": [
            3315.4887810747337
        ],
        "var": [
            3.671080031247716e+16
        ],
        "shape": [
            1
        ],
        "count": 1610250
    }
}