{
    "cumulative_timesteps": 998140232,
    "cumulative_model_updates": 83473,
    "policy_average_reward": 76277.54946529173,
    "epoch": 11153,
    "ts_since_last_save": 1000062,
    "reward_running_stats": {
        "mean": [
            3272.967073819529
        ],
        "var": [
            3.805730475107465e+16
        ],
        "shape": [
            1
        ],
        "count": 1674750
    }
}