{
    "cumulative_timesteps": 651609992,
    "cumulative_model_updates": 32632,
    "policy_average_reward": 4328.526490402949,
    "epoch": 5828,
    "ts_since_last_save": 600106,
    "reward_running_stats": {
        "mean": [
            41.6536610368822
        ],
        "var": [
            1687138253.362216
        ],
        "shape": [
            1
        ],
        "count": 875550
    }
}