{
    "cumulative_timesteps": 12303754,
    "cumulative_model_updates": 2202,
    "policy_average_reward": 293.07413698151953,
    "epoch": 245,
    "ts_since_last_save": 300076,
    "reward_running_stats": {
        "mean": [
            11.685298919677734
        ],
        "var": [
            13102072.0
        ],
        "shape": [
            1
        ],
        "count": 36900
    }
}