{
    "cumulative_timesteps": 907333098,
    "cumulative_model_updates": 80789,
    "policy_average_reward": 18300.20283334842,
    "epoch": 10704,
    "ts_since_last_save": 600044,
    "reward_running_stats": {
        "mean": [
            3317.0030771981405
        ],
        "var": [
            3.672206707356536e+16
        ],
        "shape": [
            1
        ],
        "count": 1606800
    }
}