{
    "cumulative_timesteps": 650476,
    "cumulative_model_updates": 72,
    "policy_average_reward": 1683.4346813035584,
    "epoch": 11,
    "ts_since_last_save": 50032,
    "reward_running_stats": {
        "mean": [
            47.18452724916932
        ],
        "var": [
            5856379.604296538
        ],
        "shape": [
            1
        ],
        "count": 1950
    }
}