{
    "cumulative_timesteps": 55981084,
    "cumulative_model_updates": 6345,
    "policy_average_reward": 902.7463015986209,
    "epoch": 1056,
    "ts_since_last_save": 100020,
    "reward_running_stats": {
        "mean": [
            29.805026976936503
        ],
        "var": [
            287490033.8640212
        ],
        "shape": [
            1
        ],
        "count": 159150
    }
}