{
    "cumulative_timesteps": 319505628,
    "cumulative_model_updates": 57444,
    "policy_average_reward": 3772.958797266808,
    "epoch": 6384,
    "ts_since_last_save": 450176,
    "reward_running_stats": {
        "mean": [
            39.55869322621984
        ],
        "var": [
            3203840717.4957232
        ],
        "shape": [
            1
        ],
        "count": 958200
    }
}