{
    "cumulative_timesteps": 475987726,
    "cumulative_model_updates": 29714,
    "policy_average_reward": -3.7183581856627157,
    "epoch": 4951,
    "ts_since_last_save": 200042,
    "reward_running_stats": {
        "mean": [
            33.55874649866738
        ],
        "var": [
            1219201147.6978958
        ],
        "shape": [
            1
        ],
        "count": 743850
    }
}