{
    "cumulative_timesteps": 1166059854,
    "cumulative_model_updates": 42887,
    "policy_average_reward": 2619.628488808613,
    "epoch": 8393,
    "ts_since_last_save": 200014,
    "reward_running_stats": {
        "mean": [
            233.58308172034236
        ],
        "var": [
            1.0581166478971948e+16
        ],
        "shape": [
            1
        ],
        "count": 1261350
    }
}