{
    "cumulative_timesteps": 988139428,
    "cumulative_model_updates": 83181,
    "policy_average_reward": -12696.979725205081,
    "epoch": 11104,
    "ts_since_last_save": 0,
    "reward_running_stats": {
        "mean": [
            3296.5798556720747
        ],
        "var": [
            3.76869922660378e+16
        ],
        "shape": [
            1
        ],
        "count": 1667250
    }
}