{
    "cumulative_timesteps": 501590762,
    "cumulative_model_updates": 30474,
    "policy_average_reward": 718.8898425281074,
    "epoch": 5078,
    "ts_since_last_save": 400014,
    "reward_running_stats": {
        "mean": [
            33.67348003517186
        ],
        "var": [
            1471263142.6319785
        ],
        "shape": [
            1
        ],
        "count": 763050
    }
}