{
    "cumulative_timesteps": 670411886,
    "cumulative_model_updates": 33003,
    "policy_average_reward": -12904.54135530724,
    "epoch": 5921,
    "ts_since_last_save": 200014,
    "reward_running_stats": {
        "mean": [
            72.89670850593365
        ],
        "var": [
            124890816530819.03
        ],
        "shape": [
            1
        ],
        "count": 889650
    }
}