{
    "cumulative_timesteps": 1001140522,
    "cumulative_model_updates": 83563,
    "policy_average_reward": 17571.12458627711,
    "epoch": 11168,
    "ts_since_last_save": 1000094,
    "reward_running_stats": {
        "mean": [
            3272.258746257123
        ],
        "var": [
            3.8126715568718216e+16
        ],
        "shape": [
            1
        ],
        "count": 1677000
    }
}