{
    "cumulative_timesteps": 600444,
    "cumulative_model_updates": 66,
    "policy_average_reward": 1683.4346813035584,
    "epoch": 10,
    "ts_since_last_save": 100068,
    "reward_running_stats": {
        "mean": [
            39.97838300248274
        ],
        "var": [
            4585894.814990482
        ],
        "shape": [
            1
        ],
        "count": 1800
    }
}