{
    "cumulative_timesteps": 276744536,
    "cumulative_model_updates": 49770,
    "policy_average_reward": 17268.08730050834,
    "epoch": 5531,
    "ts_since_last_save": 250036,
    "reward_running_stats": {
        "mean": [
            153.66948016579826
        ],
        "var": [
            10776566950.346783
        ],
        "shape": [
            1
        ],
        "count": 829950
    }
}