{
    "cumulative_timesteps": 1095252862,
    "cumulative_model_updates": 41484,
    "policy_average_reward": 8456.422889736437,
    "epoch": 8042,
    "ts_since_last_save": 200018,
    "reward_running_stats": {
        "mean": [
            123.1488534267318
        ],
        "var": [
            9614097755642508.0
        ],
        "shape": [
            1
        ],
        "count": 1208250
    }
}